date,gap_pct,first_body_pct,first_range,orb_range,day_range,bull_first,bear_first,pdh_break,pdl_break,day_result
2024-02-06,0,72.32,339.49,347.94,634.52,0,1,0,0,BULL
2024-02-07,0.47,57.03,114.53,233.73,617.04,0,1,1,0,BEAR
2024-02-08,0.37,61.28,186.89,186.89,1242.8,0,1,0,1,BEAR
2024-02-09,-0.19,65.66,224.75,421.49,474.14,0,1,0,1,BULL
2024-02-12,0.17,6.0,208.22,208.55,829.82,1,0,1,1,BEAR
2024-02-13,0.29,16.85,151.55,325.73,737.89,0,1,0,0,BULL
2024-02-14,-0.59,39.22,131.86,216.81,1124.02,0,1,1,1,BULL
2024-02-15,0.3,68.41,104.67,204.65,517.75,0,1,1,0,BULL
2024-02-16,0.41,68.01,117.77,153.88,325.87,0,1,1,0,BULL
2024-02-19,0.29,60.33,178.37,196.2,569.94,0,1,1,0,BULL
2024-02-20,0.05,90.04,214.25,214.25,615.29,0,1,1,0,BULL
2024-02-21,0.28,62.5,237.98,237.98,817.05,0,1,1,1,BEAR
2024-02-22,0.22,48.91,201.45,278.15,1174.01,0,1,0,1,BULL
2024-02-23,0.31,64.38,193.42,226.08,389.89,0,1,1,0,BEAR
2024-02-26,-0.06,67.54,149.47,149.47,423.98,0,1,0,1,BEAR
2024-02-27,-0.1,46.2,113.75,177.62,498.41,0,1,1,1,BULL
2024-02-28,0.14,38.86,100.25,100.25,987.33,0,1,1,1,BEAR
2024-02-29,-0.03,85.66,147.51,233.7,629.23,1,0,0,1,BULL
2024-03-01,-0.11,80.64,325.95,336.31,1228.07,1,0,1,0,BULL
2024-03-04,0.33,57.0,119.57,151.25,240.31,1,0,1,0,BEAR
2024-03-05,-0.15,34.77,204.3,204.3,503.29,0,1,0,1,BEAR
2024-03-06,-0.09,62.68,146.22,187.34,829.46,0,1,1,1,BULL
2024-03-07,0.16,50.64,170.04,176.75,321.83,0,1,1,0,BEAR
2024-03-11,0.13,35.57,201.78,201.78,753.45,0,1,0,1,BEAR
2024-03-12,0.01,74.21,173.75,182.86,656.85,1,0,0,1,BULL
2024-03-13,0.4,60.79,169.85,275.19,1535.51,0,1,1,1,BEAR
2024-03-14,-0.22,27.51,206.82,266.06,864.58,0,1,0,1,BULL
2024-03-15,-0.37,45.59,147.54,199.67,510.83,1,0,0,1,BEAR
2024-03-18,0.02,35.52,201.5,291.54,666.94,1,0,0,1,BULL
2024-03-19,-0.38,35.16,119.64,169.87,554.61,0,1,0,1,BEAR
2024-03-20,0.15,70.86,136.22,155.46,727.7,1,0,0,1,BULL
2024-03-21,0.64,37.09,82.0,100.03,462.7,1,0,1,0,BULL
2024-03-22,-0.52,82.37,163.83,280.68,943.46,1,0,1,1,BULL
2024-03-26,-0.5,94.63,279.21,287.19,303.74,1,0,0,0,BULL
2024-03-27,0.24,8.03,123.66,184.07,537.81,1,0,1,0,BULL
2024-03-28,0.2,51.63,90.95,197.16,1044.66,1,0,1,0,BULL
2024-04-01,0.48,98.1,216.06,216.06,342.43,1,0,1,0,BULL
2024-04-02,-0.09,81.98,163.79,201.11,354.39,0,1,0,1,BEAR
2024-04-03,-0.31,50.79,163.82,192.86,607.46,0,1,1,1,BULL
2024-04-04,0.75,40.46,210.89,254.76,990.24,0,1,1,1,BEAR
2024-04-05,-0.19,67.74,184.63,233.78,410.54,0,1,0,0,BULL
2024-04-08,0.22,6.65,105.77,129.65,456.91,1,0,1,0,BULL
2024-04-09,0.43,94.58,171.09,252.87,519.72,0,1,1,0,BEAR
2024-04-10,0.34,52.84,109.28,134.07,295.41,0,1,0,0,BULL
2024-04-12,-0.25,34.74,163.28,201.12,757.86,1,0,0,1,BEAR
2024-04-15,-1.17,66.95,358.79,358.79,561.38,1,0,0,1,BULL
2024-04-16,-0.6,9.1,200.93,280.76,449.55,1,0,0,1,BULL
2024-04-18,0.19,50.06,108.05,157.22,1107.0,1,0,1,1,BEAR
2024-04-19,-0.91,40.72,157.54,234.23,1387.24,0,1,0,1,BULL
2024-04-22,0.77,97.39,257.43,296.1,534.51,0,1,1,0,BULL
2024-04-23,0.29,9.84,115.51,137.13,289.9,0,1,1,0,BEAR
2024-04-24,0.32,73.13,104.7,104.7,331.22,0,1,1,0,BEAR
2024-04-25,-0.38,54.7,125.17,125.17,988.71,1,0,1,1,BULL
2024-04-26,0.22,70.26,122.28,144.25,878.43,0,1,0,0,BEAR
2024-04-29,0.09,44.6,107.0,237.47,792.02,1,0,1,0,BULL
2024-04-30,0.22,7.39,110.28,110.28,760.15,1,0,1,0,BEAR
2024-05-02,-0.07,87.14,303.29,314.86,443.94,1,0,0,0,BULL
2024-05-03,0.45,56.1,79.57,104.38,1625.06,1,0,1,1,BEAR
2024-05-06,0.47,77.2,149.94,275.9,569.86,0,1,0,0,BEAR
2024-05-07,0.04,51.17,81.35,137.47,765.99,0,1,0,1,BEAR
2024-05-08,-0.32,18.3,193.87,265.77,611.01,0,1,0,1,BULL
2024-05-09,-0.29,89.37,174.79,202.75,1118.72,1,0,0,1,BEAR
2024-05-10,-0.06,18.4,149.91,302.88,570.0,1,0,0,0,BULL
2024-05-13,-0.24,56.79,279.28,391.95,991.81,0,1,0,1,BULL
2024-05-14,-0.07,92.65,246.41,282.62,579.81,1,0,1,0,BULL
2024-05-15,0.11,9.59,100.72,100.72,477.43,1,0,1,0,BEAR
2024-05-16,0.44,64.48,111.34,144.19,1219.18,0,1,1,1,BULL
2024-05-17,0.09,46.92,185.56,271.21,609.31,0,1,1,0,BULL
2024-05-21,-0.12,34.33,178.49,196.29,426.74,1,0,1,0,BULL
2024-05-22,0.26,76.94,106.35,118.59,442.89,0,1,1,0,BULL
2024-05-23,-0.06,20.12,91.41,93.1,1338.9,1,0,1,0,BULL
2024-05-24,-0.05,59.48,196.29,304.31,389.69,1,0,1,0,BULL
2024-05-27,0.38,66.74,96.27,176.64,824.36,0,1,1,1,BEAR
2024-05-28,0.24,35.43,101.93,101.93,496.52,0,1,0,1,BEAR
2024-05-29,-0.47,55.05,175.26,181.16,530.94,1,0,0,1,BEAR
2024-05-30,-0.32,81.38,185.55,242.98,822.39,1,0,0,1,BEAR
2024-05-31,0.14,33.1,145.21,339.41,697.67,1,0,0,0,BEAR
2024-06-03,3.56,78.25,853.54,902.38,972.49,0,1,1,0,BEAR
2024-06-04,-0.63,72.4,1366.94,2172.22,5885.51,0,1,0,1,BEAR
2024-06-05,0.36,91.23,501.05,951.44,2649.26,0,1,0,0,BULL
2024-06-06,1.04,61.75,403.2,472.44,820.34,0,1,1,0,BULL
2024-06-07,-0.08,57.49,175.43,486.62,1845.73,0,1,1,0,BULL
2024-06-10,0.2,79.02,340.0,340.0,693.35,1,0,1,0,BEAR
2024-06-11,0.22,80.5,211.35,211.35,564.09,0,1,0,1,BEAR
2024-06-12,0.35,55.48,140.06,171.08,512.29,0,1,1,0,BEAR
2024-06-13,0.73,86.28,179.59,188.65,396.32,0,1,1,0,BEAR
2024-06-14,0.21,86.27,143.27,402.11,526.97,0,1,0,1,BEAR
2024-06-18,0.46,81.84,182.14,236.16,294.36,0,1,1,0,BULL
2024-06-19,0.31,55.03,185.61,185.61,893.51,0,1,1,1,BEAR
2024-06-20,0.18,100.0,131.52,286.26,541.93,0,1,0,0,BEAR
2024-06-21,0.35,43.19,264.26,264.26,951.16,0,1,1,1,BEAR
2024-06-24,-0.36,62.96,191.07,291.04,660.44,1,0,0,1,BULL
2024-06-25,0.19,35.15,99.7,117.84,705.02,1,0,1,0,BULL
2024-06-26,0.03,20.91,203.12,203.12,808.4,1,0,1,0,BULL
2024-06-27,0.17,68.57,185.93,243.82,927.71,0,1,1,0,BULL
2024-06-28,0.19,57.71,129.0,148.29,756.05,1,0,1,0,BEAR
2024-07-01,0.01,26.25,111.64,152.76,569.89,1,0,0,0,BULL
2024-07-02,0.5,66.8,184.59,323.6,583.78,0,1,1,0,BEAR
2024-07-03,0.75,82.62,231.84,231.84,316.53,0,1,1,0,BULL
2024-07-04,0.41,74.72,182.21,182.21,405.32,0,1,1,0,BEAR
2024-07-05,-0.42,28.27,252.23,316.07,665.21,0,1,0,1,BULL
2024-07-08,-0.03,57.15,182.0,229.57,335.63,0,1,0,0,BULL
2024-07-09,0.05,62.73,157.71,161.57,389.54,1,0,1,0,BULL
2024-07-10,0.16,75.17,243.84,243.84,952.58,0,1,0,1,BEAR
2024-07-11,0.28,42.56,113.93,171.54,681.86,0,1,0,0,BEAR
2024-07-12,0.23,65.85,175.27,290.82,1041.8,0,1,1,0,BULL
2024-07-15,0.27,33.19,100.37,154.79,304.09,0,1,0,0,BEAR
2024-07-16,0.14,32.25,135.93,135.93,298.23,0,1,1,0,BEAR
2024-07-18,-0.24,35.45,180.97,196.42,1129.54,1,0,1,1,BULL
2024-07-19,0.22,92.73,320.16,320.16,1001.34,0,1,0,0,BEAR
2024-07-22,-0.2,62.25,322.82,322.82,697.34,0,1,0,1,BULL
2024-07-23,0.16,15.0,131.67,231.56,1517.07,0,1,0,1,BEAR
2024-07-24,-0.17,35.43,183.76,278.29,759.05,1,0,0,0,BEAR
2024-07-25,-0.85,20.68,186.94,201.97,652.81,1,0,0,1,BULL
2024-07-26,-0.02,74.07,186.86,250.97,1402.15,1,0,1,0,BULL
2024-07-29,0.36,6.3,69.7,151.34,772.02,1,0,1,0,BEAR
2024-07-30,-0.01,0.57,159.1,159.1,579.19,1,0,0,0,BULL
2024-07-31,0.2,19.26,126.25,154.3,389.62,1,0,1,0,BULL
2024-08-01,0.17,63.91,145.04,236.95,427.65,1,0,1,0,BEAR
2024-08-02,-0.81,32.48,191.9,255.58,471.38,1,0,0,1,BEAR
2024-08-05,-2.0,69.06,449.4,449.4,1460.53,1,0,0,1,BEAR
2024-08-06,0.58,88.09,538.84,614.16,1351.19,1,0,1,0,BEAR
2024-08-07,1.05,18.22,215.71,255.34,506.12,0,1,0,0,BEAR
2024-08-08,-0.09,98.76,215.91,268.38,824.95,0,1,1,1,BEAR
2024-08-09,1.18,62.34,242.65,249.63,351.86,0,1,1,0,BEAR
2024-08-12,-0.12,93.3,215.35,215.35,879.86,0,1,1,1,BULL
2024-08-13,-0.08,11.85,104.15,123.67,801.85,1,0,0,1,BEAR
2024-08-14,0.2,76.5,132.7,142.46,331.78,0,1,0,0,BULL
2024-08-16,0.78,19.85,128.33,296.73,1206.78,1,0,1,0,BULL
2024-08-19,0.35,58.34,131.67,200.66,367.96,0,1,1,0,BEAR
2024-08-20,0.35,83.71,149.74,209.24,424.64,0,1,1,0,BEAR
2024-08-21,0.03,19.3,155.26,155.26,324.93,1,0,1,0,BULL
2024-08-22,0.4,85.52,165.34,217.47,277.0,0,1,1,0,BEAR
2024-08-23,0.22,87.21,222.01,225.17,309.19,0,1,0,1,BEAR
2024-08-26,0.32,54.01,104.37,137.6,532.15,0,1,1,0,BULL
2024-08-27,0.08,10.37,145.84,145.84,315.21,0,1,1,0,BEAR
2024-08-28,0.03,72.11,33.38,63.38,403.82,1,0,1,0,BULL
2024-08-29,-0.0,61.52,87.92,181.07,597.96,0,1,1,0,BULL
2024-08-30,0.31,11.0,123.5,162.53,266.52,0,1,1,0,BEAR
2024-09-02,0.29,22.01,95.6,101.8,243.44,0,1,1,0,BEAR
2024-09-03,0.15,61.96,179.93,185.6,266.48,0,1,0,1,BEAR
2024-09-04,-0.61,5.55,119.14,127.21,450.84,0,1,0,1,BULL
2024-09-05,0.27,73.08,154.24,220.12,486.57,0,1,1,0,BEAR
2024-09-06,-0.08,53.55,166.77,266.5,1268.35,0,1,0,1,BEAR
2024-09-09,-0.27,14.59,165.57,212.69,752.2,0,1,0,1,BULL
2024-09-10,0.23,47.34,153.75,164.0,751.25,0,1,1,0,BULL
2024-09-11,-0.02,33.84,105.98,176.88,710.31,0,1,0,1,BEAR
2024-09-12,0.42,82.28,158.55,223.4,1576.7,0,1,1,0,BULL
2024-09-13,0.41,92.61,290.79,355.32,434.24,0,1,0,0,BEAR
2024-09-16,0.23,0.48,165.96,165.96,350.1,1,0,1,0,BEAR
2024-09-17,0.14,91.08,185.3,208.86,285.73,0,1,0,0,BEAR
2024-09-18,-0.05,18.61,66.38,120.3,624.16,0,1,1,1,BEAR
2024-09-19,0.63,81.3,202.43,312.12,701.73,1,0,1,0,BEAR
2024-09-20,0.41,92.6,200.55,357.1,1500.22,0,1,1,0,BULL
2024-09-23,0.16,36.66,187.68,187.68,373.1,1,0,1,0,BULL
2024-09-24,0.01,10.2,170.29,176.04,440.83,0,1,1,0,BULL
2024-09-25,-0.15,39.23,136.82,202.38,499.5,1,0,1,0,BULL
2024-09-26,-0.06,86.41,140.32,252.54,812.76,1,0,1,0,BULL
2024-09-27,0.19,41.08,143.75,143.75,500.96,0,1,1,0,BEAR
2024-09-30,-0.52,29.7,206.4,248.72,1102.51,1,0,0,1,BEAR
2024-10-01,-0.06,91.78,334.35,336.62,548.09,1,0,0,1,BULL
2024-10-03,-1.42,58.75,444.92,474.9,1314.21,1,0,0,1,BEAR
2024-10-04,-0.23,24.47,426.53,543.83,1834.77,0,1,0,1,BEAR
2024-10-07,0.17,27.58,210.78,250.24,1410.03,1,0,0,1,BEAR
2024-10-08,-0.19,22.73,228.97,246.09,776.99,1,0,0,0,BULL
2024-10-09,0.16,64.31,137.8,157.65,973.23,0,1,1,0,BEAR
2024-10-10,0.24,65.35,91.46,166.75,457.95,0,1,0,0,BEAR
2024-10-11,-0.07,61.44,175.98,194.85,366.21,0,1,0,1,BEAR
2024-10-14,0.15,77.69,166.59,166.59,527.68,1,0,1,0,BULL
2024-10-15,0.17,20.27,123.56,171.12,657.85,1,0,1,0,BEAR
2024-10-16,-0.2,17.94,109.62,145.35,572.93,0,1,0,1,BEAR
2024-10-17,0.36,88.72,168.79,295.7,862.18,0,1,0,1,BEAR
2024-10-18,-0.33,74.56,269.47,375.26,978.78,0,1,0,1,BULL
2024-10-21,0.49,61.16,132.17,263.04,930.99,0,1,1,0,BEAR
2024-10-22,0.24,51.77,260.97,315.77,1351.94,1,0,0,1,BEAR
2024-10-23,-0.46,96.27,474.7,478.54,734.17,1,0,0,1,BULL
2024-10-24,0.03,13.24,139.27,208.32,441.78,1,0,0,1,BEAR
2024-10-25,0.05,10.4,196.31,256.91,1110.15,1,0,0,1,BEAR
2024-10-28,0.23,11.81,185.39,201.24,1114.95,0,1,1,0,BULL
2024-10-29,0.02,69.99,413.4,414.73,1027.4,0,1,0,1,BULL
2024-10-30,-0.31,23.77,267.34,267.34,613.62,0,1,0,0,BEAR
2024-10-31,0.03,71.22,234.81,310.59,699.16,0,1,0,1,BEAR
2024-11-04,0.15,98.21,531.55,647.45,1416.06,0,1,0,1,BEAR
2024-11-05,-0.3,83.37,364.09,365.11,1221.89,1,0,0,0,BULL
2024-11-06,0.42,44.92,250.87,402.25,1108.29,0,1,1,0,BULL
2024-11-07,0.1,47.77,305.14,526.0,1071.6,0,1,0,1,BEAR
2024-11-08,0.05,92.66,409.76,446.77,683.87,0,1,0,1,BEAR
2024-11-11,-0.11,22.16,236.05,318.49,1090.53,0,1,1,1,BULL
2024-11-12,0.39,38.58,136.52,268.3,1254.03,0,1,0,1,BEAR
2024-11-13,-0.11,54.63,228.19,253.36,1156.28,1,0,0,1,BEAR
2024-11-14,-0.16,56.55,265.81,265.81,628.82,1,0,0,1,BULL
2024-11-18,0.23,84.36,356.1,532.47,896.69,0,1,0,1,BEAR
2024-11-19,0.37,41.98,253.63,466.13,1039.55,1,0,1,0,BEAR
2024-11-21,0.24,92.67,489.59,489.59,802.03,0,1,0,1,BEAR
2024-11-22,0.36,10.23,161.84,478.35,1966.14,0,1,1,0,BULL
2024-11-25,1.49,77.11,277.43,328.37,704.97,1,0,1,0,BULL
2024-11-26,0.32,33.39,115.64,180.58,680.81,0,1,1,0,BEAR
2024-11-27,0.14,34.66,234.62,234.62,666.24,0,1,1,0,BULL
2024-11-28,0.02,31.39,103.98,132.54,1522.66,0,1,0,1,BEAR
2024-11-29,-0.08,69.49,149.35,278.76,820.19,1,0,0,0,BULL
2024-12-02,0.11,92.62,444.04,526.18,1027.07,0,1,1,0,BULL
2024-12-03,0.35,80.88,233.41,286.6,703.25,0,1,1,0,BULL
2024-12-04,0.21,46.48,201.51,216.11,614.44,0,1,1,0,BEAR
2024-12-05,0.29,50.48,163.7,163.7,1847.31,0,1,1,1,BULL
2024-12-06,0.13,99.44,172.48,183.11,418.59,0,1,0,0,BEAR
2024-12-09,-0.14,65.15,210.36,291.94,369.91,1,0,0,1,BEAR
2024-12-10,0.07,59.6,130.27,191.42,543.03,0,1,0,1,BEAR
2024-12-11,0.03,60.4,104.69,104.69,354.21,0,1,1,0,BEAR
2024-12-12,-0.02,72.62,160.38,199.62,468.07,1,0,0,1,BEAR
2024-12-13,-0.08,96.66,163.24,393.25,2128.99,0,1,1,1,BULL
2024-12-16,-0.16,17.24,167.37,195.03,564.25,0,1,0,0,BEAR
2024-12-17,-0.23,18.71,143.88,214.61,1000.8,1,0,0,1,BEAR
2024-12-18,-0.04,29.26,128.02,253.32,817.68,1,0,0,1,BEAR
2024-12-19,-1.43,50.2,409.48,409.48,427.4,1,0,0,1,BULL
2024-12-20,0.12,80.49,331.98,347.9,1708.12,0,1,1,1,BEAR
2024-12-23,0.38,75.31,166.13,250.26,728.35,1,0,0,0,BULL
2024-12-24,0.15,39.68,179.37,179.37,479.51,0,1,0,0,BEAR
2024-12-26,0.23,94.8,226.75,259.56,723.15,1,0,1,1,BEAR
2024-12-27,0.12,75.52,166.71,186.45,427.04,1,0,1,0,BULL
2024-12-30,-0.11,22.37,144.38,162.72,1014.87,1,0,1,1,BEAR
2024-12-31,-0.3,68.35,155.63,200.06,744.04,0,1,0,1,BULL
2025-01-01,-0.03,25.94,216.79,216.79,854.16,1,0,1,0,BULL
2025-01-02,0.12,4.35,133.43,183.44,1490.22,0,1,1,0,BULL
2025-01-03,0.21,70.57,303.51,382.7,961.37,0,1,1,0,BEAR
2025-01-06,0.27,35.56,113.17,255.06,1751.05,0,1,0,1,BEAR
2025-01-07,0.01,89.34,366.72,388.44,527.59,1,0,0,0,BULL
2025-01-08,0.18,97.81,203.2,332.09,785.73,0,1,0,1,BEAR
2025-01-09,0.08,90.59,325.85,359.78,663.29,0,1,0,0,BEAR
2025-01-10,0.04,40.16,157.83,234.84,818.81,1,0,0,1,BEAR
2025-01-13,-1.03,80.59,210.22,306.8,875.19,1,0,0,1,BEAR
2025-01-14,0.36,67.46,120.48,172.41,386.75,1,0,0,0,BULL
2025-01-15,0.19,46.08,162.97,190.76,510.53,0,1,1,0,BEAR
2025-01-16,0.61,69.64,142.74,180.17,350.37,0,1,1,0,BEAR
2025-01-17,-0.31,77.78,381.83,381.83,678.85,0,1,0,1,BEAR
2025-01-20,0.47,99.76,270.22,361.0,733.84,0,1,1,0,BULL
2025-01-21,0.32,74.43,169.63,237.94,1685.5,0,1,1,1,BEAR
2025-01-22,0.13,44.47,152.31,199.67,636.75,1,0,0,0,BULL
2025-01-23,-0.15,34.77,177.52,177.52,535.93,0,1,1,0,BULL
2025-01-24,-0.13,95.5,310.31,342.32,892.47,1,0,1,1,BEAR
2025-01-27,-0.67,43.77,166.15,255.28,655.93,0,1,0,1,BEAR
2025-01-28,0.51,6.33,129.92,193.17,888.51,1,0,1,0,BULL
2025-01-29,0.29,22.4,89.11,251.89,623.72,0,1,1,0,BULL
2025-01-30,-0.09,7.96,130.22,151.96,561.37,0,1,1,0,BULL
2025-01-31,-0.03,48.96,102.01,122.3,764.1,1,0,1,0,BULL
2025-02-03,-0.74,78.66,198.61,289.72,503.67,0,1,0,1,BULL
2025-02-04,0.69,39.14,194.68,238.11,1254.11,0,1,1,0,BULL
2025-02-05,0.35,56.44,158.18,174.45,481.88,0,1,1,0,BEAR
2025-02-06,0.3,61.3,153.26,272.87,684.13,0,1,0,1,BEAR
2025-02-07,0.25,98.57,358.53,380.96,856.39,0,1,0,1,BEAR
2025-02-10,-0.01,79.72,324.38,324.38,733.85,0,1,0,1,BEAR
2025-02-11,-0.02,36.58,166.59,260.35,1305.37,0,1,0,1,BEAR
2025-02-12,0.1,88.2,263.37,392.01,1065.07,0,1,0,1,BEAR
2025-02-13,-0.04,49.85,177.72,370.38,749.75,1,0,1,0,BEAR
2025-02-14,0.37,13.37,147.07,320.92,1040.25,0,1,0,1,BEAR
2025-02-17,-0.35,21.01,301.26,433.91,743.21,0,1,0,1,BULL
2025-02-18,0.03,87.46,163.38,247.75,560.68,0,1,1,0,BEAR
2025-02-19,-0.29,1.93,111.64,132.12,755.58,0,1,1,0,BULL
2025-02-20,-0.27,23.82,115.3,122.38,330.79,0,1,0,1,BULL
2025-02-21,-0.23,93.83,166.15,208.87,635.94,1,0,0,1,BEAR
2025-02-24,-0.54,2.96,140.04,187.09,512.84,1,0,0,1,BEAR
2025-02-25,0.0,22.95,110.67,117.87,332.38,1,0,0,0,BULL
2025-02-27,0.27,4.69,147.67,227.31,307.21,0,1,1,0,BEAR
2025-02-28,-0.42,95.4,396.24,422.88,1105.83,0,1,0,1,BEAR
2025-03-03,0.33,93.06,213.34,338.89,863.36,1,0,0,1,BEAR
2025-03-04,-0.62,8.1,154.94,267.91,392.78,1,0,0,1,BULL
2025-03-05,-0.12,77.55,324.7,472.33,1027.87,1,0,1,0,BULL
2025-03-06,0.72,90.65,298.49,543.64,974.72,0,1,1,0,BULL
2025-03-07,-0.14,38.45,335.62,335.62,546.03,1,0,1,0,BULL
2025-03-10,0.15,14.03,245.55,313.23,708.63,0,1,1,1,BEAR
2025-03-11,-0.45,19.37,158.62,175.37,531.34,1,0,0,1,BULL
2025-03-12,0.17,9.97,132.04,349.8,791.72,1,0,1,1,BEAR
2025-03-17,-0.31,99.07,341.37,468.91,559.24,1,0,0,0,BULL
2025-03-18,0.62,77.63,177.3,201.54,903.37,0,1,1,0,BULL
2025-03-19,0.09,9.79,160.31,236.23,365.03,1,0,1,0,BULL
2025-03-20,0.58,41.96,117.6,221.37,770.24,0,1,1,0,BULL
2025-03-21,-0.15,59.95,243.37,248.42,938.22,1,0,1,0,BULL
2025-03-24,0.53,51.01,178.51,178.51,925.5,1,0,1,0,BULL
2025-03-25,0.27,2.76,159.69,312.91,984.12,0,1,1,0,BEAR
2025-03-27,-0.78,73.68,242.68,446.06,640.81,1,0,0,1,BULL
2025-03-28,0.14,32.4,199.88,253.68,580.71,0,1,1,0,BEAR
2025-04-01,-0.67,58.65,245.33,366.79,1572.26,1,0,0,1,BEAR
2025-04-02,0.14,6.96,160.47,298.11,614.91,1,0,0,0,BULL
2025-04-03,-0.74,78.9,161.17,269.45,459.4,1,0,0,1,BULL
2025-04-04,-0.15,78.25,340.58,547.01,988.03,0,1,0,1,BEAR
2025-04-07,-4.66,27.42,1005.02,1005.02,1510.08,1,0,0,1,BULL
2025-04-08,1.18,34.26,220.7,220.7,1431.78,1,0,1,0,BULL
2025-04-09,-0.4,27.05,330.12,330.12,413.04,0,1,0,0,BEAR
2025-04-11,1.22,74.43,241.65,347.18,669.6,1,0,1,0,BULL
2025-04-15,2.11,47.78,364.57,364.57,407.49,0,1,1,0,BEAR
2025-04-16,0.08,87.11,275.06,275.06,565.95,0,1,1,0,BULL
2025-04-17,-0.16,57.35,116.95,270.04,1950.69,0,1,1,0,BULL
2025-04-21,0.43,53.05,313.92,332.6,822.54,1,0,1,0,BULL
2025-04-22,0.39,100.0,372.23,422.53,568.78,0,1,1,0,BEAR
2025-04-23,0.98,65.38,231.31,231.31,739.45,0,1,1,0,BEAR
2025-04-24,-0.02,0.98,125.21,158.04,444.68,0,1,0,0,BEAR
2025-04-25,0.01,57.43,323.55,323.55,1523.46,1,0,0,1,BEAR
2025-04-28,0.36,73.09,294.3,294.3,3667.14,1,0,1,0,BULL
2025-04-29,0.29,85.35,234.74,290.49,535.72,1,0,0,0,BEAR
2025-04-30,0.01,9.2,207.59,211.39,575.19,1,0,0,1,BEAR
2025-05-02,0.36,71.5,476.64,616.41,1008.82,1,0,1,0,BULL
2025-05-05,0.5,16.56,152.94,182.58,383.76,1,0,0,0,BULL
2025-05-06,0.16,74.18,220.78,295.22,478.49,0,1,0,1,BEAR
2025-05-07,-0.57,91.33,619.22,769.22,811.42,1,0,0,1,BULL
2025-05-08,0.17,84.84,147.71,203.49,895.04,0,1,1,1,BEAR
2025-05-09,-0.78,79.0,647.65,647.65,730.56,1,0,0,1,BULL
2025-05-12,1.38,99.39,607.99,718.75,1826.44,1,0,1,0,BULL
2025-05-13,-0.31,5.52,462.0,804.34,1521.66,1,0,1,0,BEAR
2025-05-14,0.08,67.04,288.95,450.02,780.87,1,0,0,1,BULL
2025-05-15,-0.01,85.8,288.29,362.03,1945.01,0,1,1,1,BULL
2025-05-16,-0.11,52.69,155.95,199.85,365.2,0,1,0,0,BEAR
2025-05-19,0.05,6.3,257.47,257.47,457.15,0,1,0,1,BEAR
2025-05-20,0.25,46.83,124.81,206.14,1091.8,0,1,0,1,BEAR
2025-05-21,0.08,2.93,156.17,191.25,781.82,1,0,0,0,BULL
2025-05-22,-0.33,78.72,276.82,458.86,795.02,0,1,0,1,BEAR
2025-05-23,-0.0,48.61,154.23,353.97,1000.11,0,1,1,0,BULL
2025-05-26,0.27,81.54,395.35,494.12,604.46,1,0,1,0,BULL
2025-05-27,-0.14,96.31,368.2,761.32,1285.93,0,1,0,1,BEAR
2025-05-28,0.01,50.67,238.59,292.59,369.34,0,1,0,0,BEAR
2025-05-29,0.34,25.12,194.53,314.12,708.28,1,0,1,1,BULL
2025-05-30,-0.22,55.01,239.92,276.63,409.33,0,1,0,0,BEAR
2025-06-02,-0.19,94.96,489.47,561.95,818.11,0,1,0,1,BULL
2025-06-03,0.36,47.54,586.03,654.85,1188.62,0,1,1,1,BEAR
2025-06-04,0.13,0.97,161.07,161.07,380.79,0,1,0,0,BULL
2025-06-05,0.29,84.19,217.05,327.43,926.48,0,1,1,0,BULL
2025-06-06,-0.01,38.64,154.21,154.21,1156.29,0,1,1,0,BULL
2025-06-09,0.56,76.15,147.4,184.8,284.46,0,1,1,0,BEAR
2025-06-10,0.23,86.59,209.85,307.91,415.79,0,1,1,1,BEAR
2025-06-11,0.14,12.21,181.36,197.4,470.75,1,0,1,0,BEAR
2025-06-12,0.13,11.01,165.52,209.66,1136.21,1,0,0,1,BEAR
2025-06-13,-1.51,88.02,398.96,499.18,825.51,1,0,0,1,BULL
2025-06-16,-0.17,83.04,353.17,386.85,843.48,1,0,1,0,BULL
2025-06-17,0.13,96.35,235.02,313.06,460.43,0,1,1,0,BEAR
2025-06-18,-0.23,85.05,185.18,375.15,619.67,1,0,0,1,BULL
2025-06-19,-0.06,64.57,211.27,268.83,392.9,0,1,0,1,BEAR
2025-06-20,0.14,83.4,318.23,318.23,1159.41,1,0,1,0,BULL
2025-06-23,-0.59,20.96,196.62,306.6,689.68,0,1,0,0,BULL
2025-06-24,0.81,83.27,300.08,312.46,1117.05,1,0,1,0,BEAR
2025-06-25,0.33,3.25,140.47,183.57,476.34,1,0,0,0,BULL
2025-06-26,0.18,31.68,94.98,252.84,982.53,0,1,1,0,BULL
2025-06-27,-0.01,70.91,272.89,272.89,439.31,1,0,1,0,BULL
2025-06-30,0.03,63.7,212.55,212.55,609.07,0,1,1,1,BEAR
2025-07-01,0.04,52.22,102.55,214.21,301.02,1,0,0,0,BULL
2025-07-02,0.29,15.4,61.05,159.87,780.43,1,0,1,1,BEAR
2025-07-03,0.18,100.0,108.75,338.8,661.05,1,0,0,0,BEAR
2025-07-04,0.11,53.28,114.69,148.77,457.47,0,1,0,1,BULL
2025-07-07,-0.17,45.7,99.28,201.0,247.78,1,0,1,0,BULL
2025-07-08,-0.02,30.18,141.25,236.2,489.54,1,0,1,0,BULL
2025-07-09,-0.09,69.3,73.87,94.73,399.08,0,1,0,0,BEAR
2025-07-10,0.07,45.18,105.93,185.69,491.81,0,1,0,1,BEAR
2025-07-11,-0.37,64.28,119.94,186.28,594.89,1,0,0,1,BEAR
2025-07-14,-0.1,47.67,137.58,263.79,398.49,0,1,0,1,BEAR
2025-07-15,0.24,45.3,92.32,92.8,461.09,0,1,1,0,BULL
2025-07-16,-0.12,43.86,112.01,208.55,441.52,0,1,1,0,BULL
2025-07-17,0.03,24.16,75.95,102.66,471.28,0,1,0,1,BEAR
2025-07-18,-0.06,84.82,101.44,191.81,622.37,0,1,0,1,BEAR
2025-07-21,0.03,2.19,71.16,252.89,749.31,1,0,1,1,BULL
2025-07-22,0.34,83.38,190.84,241.59,427.39,0,1,1,0,BEAR
2025-07-23,0.33,30.72,91.93,139.98,505.64,0,1,1,0,BULL
2025-07-24,0.12,87.72,176.2,234.37,724.47,0,1,0,1,BEAR
2025-07-25,-0.1,119.98,225.77,279.95,605.63,0,1,0,1,BEAR
2025-07-28,-0.19,15.59,190.46,190.46,778.35,0,1,0,1,BEAR
2025-07-29,-0.31,97.9,282.81,328.51,810.4,1,0,0,1,BULL
2025-07-30,0.36,58.54,221.67,221.67,421.78,0,1,1,0,BEAR
2025-07-31,-0.94,121.73,181.04,263.71,1015.49,1,0,1,1,BULL
2025-08-01,-0.15,30.7,136.63,209.35,817.18,0,1,0,1,BEAR
2025-08-04,0.23,19.69,232.17,293.85,589.35,1,0,0,0,BULL
2025-08-05,-0.12,31.95,167.94,222.76,453.41,0,1,0,0,BEAR
2025-08-06,-0.05,60.65,104.37,141.26,383.14,1,0,0,1,BEAR
2025-08-07,-0.36,64.55,189.42,202.76,925.08,1,0,0,1,BULL
2025-08-08,-0.29,32.3,140.57,232.3,771.25,1,0,0,1,BEAR
2025-08-11,0.06,37.61,175.36,277.03,853.62,1,0,1,0,BULL
2025-08-12,-0.01,27.75,155.16,312.6,831.09,1,0,1,0,BEAR
2025-08-13,0.28,35.11,121.63,201.9,363.79,0,1,0,0,BULL
2025-08-14,0.06,11.42,196.78,196.78,253.28,0,1,1,0,BEAR
2025-08-18,0.95,122.25,199.05,213.77,562.79,1,0,1,0,BEAR
2025-08-19,0.03,69.76,145.17,194.02,437.63,1,0,0,0,BULL
2025-08-20,-0.04,130.2,109.95,128.63,488.76,0,1,1,0,BULL
2025-08-21,0.47,98.24,271.66,297.7,306.24,0,1,1,0,BEAR
2025-08-22,-0.04,83.41,184.27,280.23,687.2,0,1,0,1,BEAR
2025-08-25,0.21,12.0,134.49,134.49,430.6,1,0,0,0,BULL
2025-08-26,-0.35,63.55,210.59,389.16,750.74,0,1,0,1,BEAR
2025-08-28,-0.08,92.69,469.68,646.02,737.71,0,1,0,1,BEAR
2025-08-29,-0.24,26.0,309.64,309.64,568.0,1,0,0,1,BEAR
2025-09-01,-0.05,102.65,280.98,303.98,552.76,1,0,1,0,BULL
2025-09-02,0.18,4.86,119.93,154.5,752.64,0,1,1,0,BEAR
2025-09-03,0.16,91.58,290.11,290.11,663.81,0,1,0,1,BULL
2025-09-04,1.13,93.83,390.39,390.39,824.7,0,1,1,0,BEAR
2025-09-05,0.21,63.67,69.39,110.1,638.97,0,1,0,1,BEAR
2025-09-08,0.2,11.56,134.75,211.61,436.58,0,1,1,0,BEAR
2025-09-09,0.36,62.24,101.8,137.3,253.4,0,1,1,0,BEAR
2025-09-10,0.49,82.98,112.77,130.99,405.82,0,1,1,0,BEAR
2025-09-11,-0.26,127.79,240.65,291.31,349.53,1,0,0,0,BULL
2025-09-12,0.28,37.03,133.95,177.84,347.67,0,1,1,0,BULL
2025-09-15,0.03,41.4,140.58,153.04,249.22,0,1,1,0,BEAR
2025-09-16,0.05,63.75,118.77,177.11,531.39,1,0,1,0,BULL
2025-09-17,0.28,36.44,134.45,136.51,235.73,1,0,1,0,BULL
2025-09-18,0.48,71.47,134.99,193.63,417.16,0,1,1,0,BEAR
2025-09-19,-0.08,66.27,230.71,230.71,482.15,0,1,0,1,BEAR
2025-09-22,-0.67,109.83,192.45,291.28,584.59,1,0,0,1,BULL
2025-09-23,-0.05,87.94,142.09,185.19,588.28,1,0,0,1,BULL
2025-09-24,-0.28,41.74,172.93,276.48,393.75,0,1,0,1,BEAR
2025-09-25,-0.2,51.96,190.69,343.81,747.74,1,0,0,1,BEAR
2025-09-26,-0.29,21.77,132.96,198.71,697.49,0,1,0,1,BEAR
2025-09-29,0.12,47.54,224.33,224.33,602.38,0,1,0,1,BEAR
2025-09-30,-0.0,62.99,132.19,196.27,475.41,1,0,0,1,BEAR
2025-10-01,-0.22,47.92,241.83,241.83,903.06,1,0,1,1,BULL
2025-10-03,-0.43,60.4,229.16,229.16,541.48,1,0,1,0,BULL
2025-10-06,0.1,34.56,113.5,144.77,688.17,1,0,1,0,BULL
2025-10-07,0.12,46.2,173.31,186.61,522.08,0,1,1,0,BULL
2025-10-08,-0.06,81.33,222.17,332.85,604.97,1,0,0,1,BEAR
2025-10-09,0.15,66.58,162.94,247.52,578.17,0,1,0,0,BULL
2025-10-10,-0.05,105.55,231.49,278.8,546.21,1,0,1,0,BULL
2025-10-13,-0.51,65.62,253.48,253.48,394.13,1,0,0,1,BULL
2025-10-14,0.07,78.37,146.83,148.15,787.49,1,0,1,1,BEAR
2025-10-15,0.29,46.65,280.24,287.04,630.01,1,0,1,0,BULL
2025-10-16,0.21,86.37,177.1,177.1,779.31,1,0,1,0,BULL
2025-10-17,-0.06,17.99,153.18,292.9,916.54,1,0,1,0,BULL
2025-10-20,0.39,96.52,334.62,350.62,456.31,1,0,1,0,BULL
2025-10-21,0.13,39.6,135.0,223.78,370.94,1,0,1,0,BEAR
2025-10-23,0.86,80.18,257.17,257.17,841.85,0,1,1,0,BEAR
2025-10-24,0.23,94.94,272.55,279.38,714.47,0,1,0,1,BEAR
2025-10-27,0.07,66.53,168.14,234.94,635.75,1,0,1,0,BULL
2025-10-28,-0.22,69.58,239.62,239.62,767.31,1,0,1,1,BULL
2025-10-29,-0.06,26.29,225.57,225.57,462.87,1,0,1,0,BULL
2025-10-30,-0.34,14.31,191.67,205.01,593.94,1,0,0,1,BEAR
2025-10-31,-0.1,5.25,146.97,341.35,805.32,1,0,0,1,BEAR
2025-11-03,-0.14,30.12,268.12,269.06,512.19,0,1,0,1,BULL
2025-11-04,-0.01,7.12,127.02,183.1,653.68,0,1,0,1,BEAR
2025-11-06,0.08,112.63,258.32,288.63,605.26,1,0,0,1,BEAR
2025-11-07,-0.26,82.82,356.56,467.53,717.8,0,1,0,1,BULL
2025-11-10,-0.07,74.32,282.52,282.52,513.86,1,0,1,0,BULL
2025-11-11,0.19,84.48,282.82,396.99,812.44,0,1,1,1,BULL
2025-11-12,0.4,24.3,103.44,179.94,482.13,1,0,1,0,BULL
2025-11-13,0.11,83.4,200.41,272.29,665.03,0,1,1,0,BEAR
2025-11-14,-0.49,92.71,201.94,201.94,666.42,1,0,0,1,BULL
2025-11-17,0.05,16.45,169.49,229.48,404.26,1,0,1,0,BULL
2025-11-18,0.14,80.63,383.73,383.73,483.8,0,1,1,1,BEAR
2025-11-19,0.02,61.39,158.14,190.16,707.8,0,1,1,1,BULL
2025-11-20,0.36,84.69,136.98,136.98,598.97,0,1,1,0,BULL
2025-11-21,-0.34,93.44,155.55,263.43,420.95,1,0,0,1,BEAR
2025-11-24,0.12,2.72,143.58,143.58,761.93,0,1,0,1,BEAR
2025-11-25,0.27,38.72,244.27,244.27,570.81,0,1,0,1,BEAR
2025-11-26,-0.05,97.33,357.3,391.36,1140.12,1,0,1,1,BULL
2025-11-27,0.17,33.45,123.57,274.71,581.76,1,0,1,0,BULL
2025-11-28,0.02,6.58,227.33,249.75,390.71,1,0,0,0,BEAR
2025-12-01,0.43,42.11,171.19,171.19,619.4,0,1,1,1,BEAR
2025-12-02,-0.36,67.6,272.64,285.74,498.13,1,0,0,1,BEAR
2025-12-03,-0.1,21.41,183.05,337.48,504.37,1,0,0,1,BEAR
2025-12-04,-0.15,12.28,130.24,197.04,535.92,1,0,1,0,BULL
2025-12-05,-0.01,79.23,193.64,224.08,699.76,1,0,1,0,BULL
2025-12-08,-0.09,14.75,143.34,146.62,834.64,1,0,0,1,BEAR
2025-12-09,-0.29,25.85,199.07,287.96,563.33,0,1,0,1,BEAR
2025-12-10,-0.09,87.43,231.72,231.72,705.95,1,0,1,1,BEAR
2025-12-11,0.09,37.11,232.28,232.9,755.95,0,1,0,1,BULL
2025-12-12,0.31,99.77,135.73,169.22,363.78,1,0,1,0,BULL
2025-12-15,-0.44,48.74,258.29,281.1,437.48,1,0,0,1,BULL
2025-12-16,-0.2,64.44,159.18,186.04,410.72,0,1,0,1,BEAR
2025-12-17,0.25,75.0,203.44,226.49,471.07,0,1,0,1,BEAR
2025-12-18,-0.08,56.07,212.7,212.7,540.37,0,1,0,1,BEAR
2025-12-19,0.33,70.09,130.09,178.18,310.71,1,0,1,0,BULL
2025-12-22,0.27,82.1,196.8,292.75,454.34,1,0,1,0,BULL
2025-12-23,0.17,75.11,231.87,260.33,361.1,0,1,1,0,BEAR
2025-12-24,0.04,29.71,210.42,249.34,389.96,1,0,1,0,BEAR
2025-12-26,-0.19,80.07,150.64,150.64,438.1,1,0,0,1,BEAR
2025-12-29,-0.09,21.82,244.24,244.24,607.48,1,0,0,1,BEAR
2025-12-30,-0.13,24.51,162.24,214.9,333.59,0,1,0,1,BULL
2025-12-31,-0.01,69.21,128.7,174.18,730.69,1,0,1,0,BULL
2026-01-01,0.06,42.58,187.53,187.53,342.64,1,0,1,0,BEAR
2026-01-02,0.1,26.88,216.93,291.83,704.07,1,0,1,0,BULL
2026-01-05,-0.2,82.4,156.25,221.73,567.0,1,0,1,0,BEAR
2026-01-06,-0.12,53.63,306.31,306.31,496.69,0,1,0,1,BEAR
2026-01-07,-0.48,86.89,339.64,418.79,454.53,1,0,0,1,BULL
2026-01-08,-0.22,74.68,205.2,239.79,852.23,1,0,0,1,BEAR
2026-01-09,-0.17,94.62,385.9,385.9,1002.71,1,0,0,1,BEAR
2026-01-12,-0.24,40.02,325.29,566.58,1100.11,0,1,0,1,BULL
2026-01-13,0.14,10.04,205.08,487.97,995.09,0,1,1,0,BEAR
2026-01-14,-0.3,39.1,329.24,374.47,623.83,1,0,0,1,BULL
2026-01-16,0.36,5.61,210.42,210.42,675.95,0,1,1,0,BEAR
2026-01-19,-0.12,39.29,511.04,511.04,640.51,0,1,0,1,BEAR
2026-01-20,0.08,24.18,168.88,319.51,1243.11,0,1,0,1,BEAR
2026-01-21,-0.44,78.5,486.62,486.62,1279.47,1,0,0,1,BULL
2026-01-22,0.66,23.35,199.97,268.61,906.68,0,1,1,0,BEAR
2026-01-23,-0.04,27.67,324.44,324.44,1044.44,0,1,0,1,BEAR
2026-01-27,-0.17,21.78,390.28,622.03,994.84,0,1,0,1,BULL
2026-01-28,-0.19,97.51,513.72,608.08,681.07,1,0,1,0,BULL
2026-01-29,0.04,73.76,355.19,384.8,978.39,0,1,1,1,BULL
2026-01-30,-0.71,63.11,247.59,247.59,489.44,1,0,0,0,BULL
2026-02-01,0.16,45.45,360.38,360.38,2826.29,0,1,1,1,BEAR
2026-02-02,0.09,72.21,328.59,542.64,1343.45,1,0,0,0,BULL
2026-02-03,4.52,65.34,1978.63,1984.46,2369.55,0,1,1,0,BEAR
2026-02-04,-0.54,62.35,581.29,726.98,827.58,1,0,0,1,BULL
2026-02-05,0.05,28.99,218.82,279.42,631.34,0,1,0,0,BEAR
2026-02-06,-0.07,0.34,241.98,241.98,684.04,0,1,0,1,BULL
2026-02-09,0.77,50.39,369.78,392.07,454.26,0,1,1,0,BEAR
2026-02-10,0.2,8.88,229.69,229.69,419.48,1,0,1,0,BULL
2026-02-11,0.14,27.69,255.51,255.51,405.11,1,0,1,0,BEAR
2026-02-12,-0.27,34.73,182.42,242.69,542.58,0,1,0,1,BEAR
2026-02-13,-0.86,37.08,232.85,232.85,537.18,1,0,0,1,BEAR
2026-02-16,-0.13,39.05,333.8,403.51,1055.17,1,0,1,1,BULL
2026-02-17,-0.12,26.6,226.43,277.84,610.23,0,1,1,0,BULL
2026-02-18,0.14,23.74,203.06,241.27,606.37,0,1,1,0,BULL
2026-02-19,0.33,69.96,195.7,305.26,1708.33,0,1,1,1,BEAR
2026-02-20,-0.09,50.62,339.9,339.9,925.07,1,0,0,1,BULL
2026-02-23,0.14,93.22,366.85,562.35,579.15,1,0,1,0,BULL
2026-02-24,-0.29,88.79,295.6,374.86,1144.65,0,1,0,1,BEAR
2026-02-25,0.25,56.97,296.45,315.84,825.08,1,0,0,0,BEAR
2026-02-26,0.17,3.49,158.82,316.3,591.82,1,0,0,1,BEAR
2026-02-27,-0.01,82.18,358.87,376.8,1086.57,0,1,0,1,BEAR
2026-03-02,-3.41,89.13,1920.9,1934.36,2088.82,1,0,0,1,BULL
2026-03-04,-2.08,32.87,441.95,480.46,1078.36,1,0,0,1,BULL
2026-03-05,0.52,24.75,340.44,349.53,1100.3,0,1,1,0,BULL
2026-03-06,-0.34,61.72,302.12,308.31,937.96,0,1,0,1,BEAR
2026-03-09,-2.45,48.89,753.05,909.0,1285.03,0,1,0,1,BULL
2026-03-10,1.12,72.1,566.05,636.07,780.78,0,1,1,0,BEAR
2026-03-11,-0.07,29.66,233.75,288.94,1560.45,1,0,0,1,BEAR
2026-03-12,-0.56,93.6,493.3,493.3,805.36,0,1,0,1,BEAR
2026-03-13,-0.83,13.51,206.54,219.2,1120.67,0,1,0,1,BEAR
2026-03-16,-0.31,38.43,462.38,462.38,1854.65,1,0,1,1,BULL
2026-03-17,0.69,73.06,473.17,508.5,976.54,0,1,1,0,BULL
2026-03-18,0.48,48.16,353.92,397.99,811.95,1,0,1,0,BULL
2026-03-19,-2.51,52.15,668.66,668.66,1397.75,1,0,0,1,BEAR
2026-03-20,0.07,95.75,587.56,643.74,897.72,1,0,0,0,BULL
2026-03-23,-1.16,77.95,748.16,748.16,1170.96,0,1,0,1,BEAR
2026-03-24,2.19,95.4,712.61,736.95,1404.79,0,1,1,0,BULL
2026-03-25,0.57,53.7,325.58,452.27,1299.25,1,0,1,0,BULL
2026-03-27,-0.53,90.23,528.53,556.93,1369.29,0,1,0,1,BEAR
2026-03-30,-1.49,1.9,445.49,445.49,1386.64,0,1,0,1,BEAR
2026-04-01,2.31,0.91,289.39,338.39,990.0,1,0,1,0,BEAR
2026-04-02,-1.34,93.18,646.02,646.02,2015.15,0,1,0,1,BULL
2026-04-06,0.22,53.52,667.49,671.19,1475.32,0,1,1,0,BULL
2026-04-07,-0.47,62.83,466.11,551.18,1402.34,0,1,1,0,BULL
2026-04-08,3.57,3.43,350.16,350.16,592.04,0,1,1,0,BULL
2026-04-09,-0.36,12.43,376.52,472.66,1071.48,0,1,0,1,BEAR
2026-04-10,0.66,26.96,369.47,410.57,771.34,1,0,1,0,BULL
2026-04-13,-2.06,4.22,465.19,465.19,1189.3,1,0,0,1,BULL
2026-04-15,1.54,40.84,357.31,357.31,418.68,1,0,1,0,BULL
2026-04-16,0.8,2.15,205.82,246.08,1051.85,0,1,1,1,BEAR
2026-04-17,0.03,28.56,404.68,442.98,825.97,1,0,0,0,BULL
2026-04-20,0.14,27.73,521.22,523.21,732.88,0,1,1,0,BEAR
2026-04-21,0.23,70.26,397.73,441.83,844.04,1,0,1,0,BULL
2026-04-22,-0.33,43.39,251.82,307.91,588.72,0,1,0,1,BEAR
2026-04-23,-0.66,36.52,291.22,291.22,601.74,0,1,0,1,BEAR
2026-04-24,-0.16,4.86,297.87,518.64,1306.8,0,1,0,1,BEAR
2026-04-27,0.23,50.92,397.72,455.46,665.44,1,0,0,0,BULL
2026-04-28,-0.34,51.81,260.48,361.83,749.27,1,0,1,1,BEAR
2026-04-29,0.37,37.42,126.54,168.58,846.01,0,1,1,0,BULL
2026-04-30,-0.62,97.68,254.84,485.87,992.68,0,1,0,1,BULL
2026-05-04,0.16,47.77,516.9,516.9,970.56,1,0,1,0,BULL
2026-05-05,-0.26,2.49,372.33,394.75,635.73,1,0,0,1,BEAR
2026-05-06,0.44,2.72,298.81,298.81,1247.91,1,0,1,0,BULL
2026-05-07,0.47,100.0,464.45,540.51,669.21,0,1,1,0,BEAR
2026-05-08,-0.33,41.05,346.32,346.32,498.32,0,1,0,1,BEAR
2026-05-11,-0.92,72.63,293.87,312.9,719.89,0,1,0,1,BEAR
2026-05-12,-0.45,5.74,200.85,409.03,1291.35,0,1,0,1,BEAR
2026-05-13,-0.38,34.84,542.0,542.0,1051.13,1,0,0,1,BULL
2026-05-14,0.37,17.5,202.5,214.48,1147.99,1,0,1,0,BULL
2026-05-15,0.03,5.32,409.9,481.02,730.19,0,1,1,0,BEAR
2026-05-18,-0.64,75.75,460.29,464.76,1278.15,0,1,0,1,BULL
2026-05-19,0.15,94.76,237.76,281.51,628.63,1,0,1,0,BEAR
2026-05-20,-0.51,36.11,305.4,305.4,876.77,0,1,0,1,BULL
2026-05-21,0.53,30.73,309.23,418.99,949.01,0,1,1,0,BEAR
2026-05-22,0.14,41.75,148.55,317.97,580.15,1,0,0,0,BULL
2026-05-25,0.83,57.85,193.51,236.33,731.74,1,0,1,0,BULL
2026-05-26,-0.42,90.66,182.74,266.77,716.33,1,0,0,1,BEAR
2026-05-27,-0.18,34.52,199.47,265.68,473.43,1,0,0,1,BEAR
2026-05-29,0.1,43.65,297.63,378.86,1626.9,1,0,0,1,BEAR
2026-06-01,0.29,35.94,360.29,434.61,4071.93,0,1,1,1,BEAR
2026-06-02,-0.47,6.66,190.86,212.84,1046.16,1,0,0,1,BULL
2026-06-03,-0.32,95.87,578.51,672.57,1018.82,0,1,0,1,BEAR
2026-06-04,-0.52,49.45,421.29,421.29,736.15,1,0,1,0,BULL
2026-06-05,0.21,51.11,208.19,233.29,725.25,0,1,1,0,BEAR
2026-06-08,-1.16,35.14,214.73,245.46,615.41,1,0,0,1,BULL
2026-06-09,0.77,65.19,241.27,241.27,608.63,0,1,1,0,BEAR
2026-06-10,0.01,61.58,455.11,455.11,712.39,1,0,1,0,BEAR
2026-06-11,-0.5,9.23,167.21,217.43,874.31,1,0,0,1,BULL
2026-06-12,1.08,62.76,190.18,191.59,1152.78,1,0,1,0,BULL
2026-06-15,1.58,44.5,265.6,265.6,676.95,0,1,1,0,BEAR
2026-06-16,0.37,26.64,134.95,162.8,402.67,1,0,1,0,BULL
2026-06-17,0.33,92.08,323.97,323.97,449.79,0,1,1,0,BULL
2026-06-18,-0.02,4.93,236.03,236.03,533.09,0,1,1,0,BULL
2026-06-19,-0.77,50.68,245.82,248.97,429.77,0,1,0,1,BULL
2026-06-22,0.38,2.57,225.23,238.25,315.74,1,0,1,0,BEAR
2026-06-23,0.06,36.13,241.18,241.18,1107.41,0,1,0,1,BEAR
2026-06-24,0.15,34.27,265.52,341.23,1068.52,1,0,0,0,BULL
2026-06-25,0.54,37.9,158.53,189.73,800.54,0,1,1,0,BEAR
2026-06-29,-0.04,21.09,233.56,233.56,630.91,1,0,0,1,BEAR
2026-06-30,0.28,83.86,296.28,436.41,706.2,0,1,0,1,BEAR
2026-07-01,-0.12,65.04,159.0,159.0,567.11,1,0,1,0,BULL
2026-07-02,0.27,76.09,155.54,284.88,513.45,1,0,1,0,BULL
2026-07-03,0.91,88.38,302.24,302.24,447.51,0,1,1,0,BEAR
2026-07-06,0.2,66.16,207.47,207.47,518.18,1,0,1,0,BULL
2026-07-07,0.26,62.08,156.77,230.19,631.04,0,1,1,0,BEAR
2026-07-08,-0.34,7.32,227.94,229.85,1591.69,1,0,0,1,BEAR
2026-07-09,0.08,99.33,293.15,429.36,745.93,1,0,0,0,BULL
2026-07-10,0.74,23.78,202.86,202.86,320.25,1,0,1,0,BULL
